ID,Name,Concepticon_ID,Concepticon_Gloss
1-1,the world,965,WORLD
1-21,the land,626,LAND
1-212,the soil,1228,EARTH (SOIL)
1-213,the dust,2,DUST
1-214,the mud,640,MUD
1-215,the sand,671,SAND
1-22,the mountain or hill,2118,MOUNTAIN OR HILL
1-222,the cliff or precipice,618,PRECIPICE
1-23,the plain,652,PLAIN
1-24,the valley,921,VALLEY
1-25,the island,622,ISLAND
1-26,the mainland,166,MAINLAND
1-27,the shore,113,SHORE
1-28,the cave,1155,CAVE
1-31,the water,948,WATER
1-32,the sea,1474,SEA
1-322,calm,258,CALM
1-323,rough(2),259,ROUGH (OF SEA)
1-324,the foam,1768,FOAM
1-329,the ocean,645,OCEAN
1-33,the lake,624,LAKE
1-34,the bay,663,BAY
1-341,the lagoon,623,LAGOON
1-342,the reef,660,REEF
1-343,the cape,1662,CAPE
1-35,the wave,978,WAVE
1-352,the tide,891,TIDE
1-353,the low tide,1026,LOW TIDE
1-354,the high tide,613,HIGH TIDE
1-36,the river or stream,666,RIVER
1-362,the whirlpool,1982,WHIRLPOOL
1-37,the spring or well,2144,SPRING OR WELL
1-38,the swamp,1145,SWAMP
1-39,the waterfall,943,WATERFALL
1-41,the woods or forest,420,FOREST
1-43,the wood,1803,WOOD
1-44,the stone or rock,2125,STONE OR ROCK
1-45,the earthquake,6,EARTHQUAKE
1-51,the sky,1732,SKY
1-52,the sun,1343,SUN
1-53,the moon,1313,MOON
1-54,the star,1430,STAR
1-55,the lightning,1654,LIGHTNING
1-56,the thunder,1150,THUNDER
1-57,the bolt of lightning,2007,BOLT (OF LIGHTNING)
1-58,the storm,858,STORM
1-59,the rainbow,1733,RAINBOW
1-61,the light,630,LIGHT (RADIATION)
1-62,the darkness,11,DARKNESS
1-63,the shade or shadow,1388,SHADE
1-64,the dew,1977,DEW
1-71,the air,27,AIR
1-72,the wind,960,WIND
1-73,the cloud,1489,CLOUD
1-74,the fog,249,FOG
1-75,the rain,658,RAIN (PRECIPITATION)
1-76,the snow,784,SNOW
1-77,the ice,617,ICE
1-78,the weather,952,WEATHER
1-81,the fire,221,FIRE
1-82,the flame,889,FLAME
1-83,the smoke,778,SMOKE (EXHAUST)
1-84,the ash,646,ASH
1-841,the embers,67,EMBERS
1-851,to burn(1),141,BURN (SOMETHING)
1-852,to burn(2),1428,BURNING
1-86,to light,737,LIGHT (IGNITE)
1-861,to extinguish,127,EXTINGUISH
1-87,the match,1133,MATCH
1-88,the firewood,10,FIREWOOD
1-89,the charcoal,1188,CHARCOAL
2-1,the person,683,PERSON
2-21,the man,1554,MAN
2-22,the woman,962,WOMAN
2-23,male(1),2261,MALE (OF PERSON)
2-24,female(1),2260,FEMALE (OF PERSON)
2-25,the boy,1366,BOY
2-251,the young man,76,YOUNG MAN
2-26,the girl,1646,GIRL
2-261,the young woman,77,YOUNG WOMAN
2-27,the child(1),1304,CHILD (YOUNG HUMAN)
2-28,the baby,1289,BABY
2-31,the husband,1200,HUSBAND
2-32,the wife,1199,WIFE
2-33,to marry,203,MARRY
2-34,the wedding,1259,WEDDING
2-341,the divorce,1134,DIVORCE
2-35,the father,1217,FATHER
2-36,the mother,1216,MOTHER
2-37,the parents,505,PARENTS
2-38,the married man,424,MARRIED MAN
2-39,the married woman,426,MARRIED WOMAN
2-41,the son,1620,SON
2-42,the daughter,1357,DAUGHTER
3-662,the porpoise or dolphin,1479,DOLPHIN
2-43,the child(2),1801,CHILD (DESCENDANT)
2-44,the brother,1262,BROTHER
2-444,the older brother,1759,OLDER BROTHER
2-445,the younger brother,1760,YOUNGER BROTHER
2-45,the sister,1263,SISTER
2-454,the older sister,1758,OLDER SISTER
2-455,the younger sister,1761,YOUNGER SISTER
2-456,the sibling,1640,SIBLING
2-458,the twins,1005,TWINS
2-46,the grandfather,1383,GRANDFATHER
2-461,the old man,406,OLD MAN
2-47,the grandmother,1496,GRANDMOTHER
2-471,the old woman,907,OLD WOMAN
2-48,the grandson,1618,GRANDSON
2-49,the granddaughter,1619,GRANDDAUGHTER
2-51,the uncle,1327,UNCLE
2-511,the mother's brother,1984,MOTHER'S BROTHER
2-512,the father's brother,1985,FATHER'S BROTHER
2-52,the aunt,1272,AUNT
2-521,the mother's sister,171,MOTHER'S SISTER
2-522,the father's sister,170,FATHER'S SISTER
2-53,the nephew,1063,NEPHEW
2-54,the niece,1642,NIECE
2-55,the cousin,1643,COUSIN
2-56,the ancestors,1669,ANCESTORS
2-57,the descendants,490,DESCENDANTS
2-61,the father-in-law (of a man),2255,FATHER-IN-LAW (OF MAN)
2-611,the father-in-law (of a woman),2254,FATHER-IN-LAW (OF WOMAN)
2-62,the mother-in-law (of a man),2257,MOTHER-IN-LAW (OF MAN)
2-621,the mother-in-law (of a woman),2256,MOTHER-IN-LAW (OF WOMAN)
2-63,the son-in-law (of a man),2267,SON-IN-LAW (OF MAN)
2-631,the son-in-law (of a woman),2266,SON-IN-LAW (OF WOMAN)
2-64,the daughter-in-law (of a man),2265,DAUGHTER-IN-LAW (OF MAN)
2-641,the daughter-in-law (of a woman),2264,DAUGHTER-IN-LAW (OF WOMAN)
2-71,the stepfather,237,STEPFATHER
2-72,the stepmother,236,STEPMOTHER
2-73,the stepson,1059,STEPSON
2-74,the stepdaughter,1058,STEPDAUGHTER
2-75,the orphan,1149,ORPHAN
2-76,the widow,1756,WIDOW
2-77,the widower,1981,WIDOWER
2-81,the relatives,1644,RELATIVES
2-82,the family,194,FAMILY
2-91,I,1209,I
2-92,you (singular),1215,THOU
2-93,he/she/it,262,HE OR SHE OR IT
2-94,we,1212,WE
2-941,we (inclusive),1131,WE (INCLUSIVE)
2-942,we (exclusive),1130,WE (EXCLUSIVE)
2-95,you (plural),1213,YOU
2-96,they,817,THEY
3-11,the animal,619,ANIMAL
3-12,male(2),2263,MALE (OF ANIMAL)
3-13,female(2),2262,FEMALE (OF ANIMAL)
3-15,the livestock,631,LIVESTOCK
3-16,the pasture,649,PASTURE
3-18,the herdsman,263,HERDSMAN
3-19,the stable or stall,851,STABLE
3-2,the cattle,1153,CATTLE
3-21,the bull,1008,BULL
3-22,the ox,1169,OX
3-23,the cow,1007,COW
3-24,the calf,1989,CALF
3-25,the sheep,1331,SHEEP
3-26,the ram,1344,RAM
3-28,the ewe,1345,EWE
3-29,the lamb,820,LAMB
3-32,the boar,1348,BOAR
3-34,the sow,1351,SOW (FEMALE PIG)
3-35,the pig,1337,PIG
3-36,the goat,1502,GOAT
3-37,the he-goat,264,HE-GOAT
3-38,the kid,1972,KID
3-41,the horse,615,HORSE
3-42,the stallion,936,STALLION
3-44,the mare,938,MARE
3-45,the foal or colt,1647,FOAL
3-46,the donkey,1862,DONKEY
3-47,the mule,890,MULE
3-5,the fowl,265,FOWL
3-52,the cock/rooster,1511,ROOSTER
3-54,the hen,1514,HEN
3-55,the chicken,1318,CHICKEN
3-56,the goose,1187,GOOSE
3-57,the duck,1360,DUCK
3-58,the nest,539,NEST
3-581,the bird,937,BIRD
3-582,the seagull,950,SEAGULL
3-583,the heron,758,HERON
3-584,the eagle,1905,EAGLE
3-585,the hawk,307,HAWK
3-586,the vulture,1185,VULTURE
3-591,the bat,1793,BAT
3-592,the parrot,882,PARROT
3-593,the crow,913,CROW
3-594,the dove,1853,DOVE
3-596,the owl,735,OWL
3-61,the dog,2009,DOG
3-614,the rabbit,1136,RABBIT
3-62,the cat,1208,CAT
3-622,the opossum,309,OPOSSUM
3-63,the mouse or rat,2139,MUROID (MOUSE OR RAT)
3-65,the fish,227,FISH
3-652,the fin,213,FIN
3-653,the scale,266,SCALE
3-654,the gill,1916,GILL
3-655,the shell,598,SHELL
3-661,the shark,1110,SHARK
3-663,the whale,957,WHALE
3-664,the stingray,1910,STINGRAY
3-665,the freshwater eel,1013,FRESHWATER EEL
3-71,the wolf,522,WOLF
3-72,the lion,1386,LION
3-73,the bear,1820,BEAR
3-74,the fox,1312,FOX
3-75,the deer,1936,DEER
3-76,the monkey,1350,MONKEY
3-77,the elephant,1290,ELEPHANT
3-78,the camel,1871,CAMEL
3-81,the insect,620,INSECT
3-811,the head louse,310,HEAD LOUSE
3-812,the nit,267,NIT
3-813,the flea,232,FLEA
3-814,the centipede,1974,CENTIPEDE
3-815,the scorpion,1538,SCORPION
3-816,the cockroach,1575,COCKROACH
3-817,the ant,587,ANT
3-818,the spider,843,SPIDER
3-819,the spider web,1065,SPIDER WEB
3-82,the bee,665,BEE
3-821,the beeswax,1931,BEESWAX
3-822,the beehive,88,BEEHIVE
3-823,the wasp,1517,WASP
3-83,the fly,1504,FLY (INSECT)
3-831,the sandfly or midge or gnat,95,SANDFLY
3-832,the mosquito,1509,MOSQUITO
3-84,the worm,1219,WORM
3-85,the snake,730,SNAKE
3-91,the firefly,206,FIREFLY
3-92,the butterfly,1791,BUTTERFLY
3-93,the grasshopper,607,GRASSHOPPER
3-94,the snail,1543,SNAIL
3-95,the frog,503,FROG
3-96,the lizard,632,LIZARD
3-97,the crocodile or alligator,1857,CROCODILE
3-98,the turtle,112,TURTLE
4-11,the body,1480,BODY
4-12,the skin or hide,763,SKIN
4-13,the flesh,2259,FLESH
4-14,the hair,2648,HAIR (HEAD)
4-142,the beard,678,BEARD
4-144,the body hair,189,HAIR (BODY)
4-145,the pubic hair,36,PUBIC HAIR
4-146,the dandruff,576,DANDRUFF
4-15,the blood,946,BLOOD
4-151,the vein or artery,525,BLOOD VESSEL
4-16,the bone,1394,BONE
4-162,the rib,801,RIB
4-17,the horn,1393,HORN (ANATOMY)
4-18,the tail,1220,TAIL
4-19,the back,1291,BACK
4-191,the spine,805,SPINE
4-2,the head,1256,HEAD
4-201,the temples,1604,TEMPLES
4-202,the skull,1605,SKULL
4-203,the brain,1583,BRAIN
4-204,the face,1560,FACE
4-205,the forehead,123,FOREHEAD
4-207,the jaw,798,JAW
4-208,the cheek,1730,CHEEK
4-209,the chin,1510,CHIN
4-21,the eye,1248,EYE
4-212,the eyebrow,1173,EYEBROW
4-213,the eyelid,17,EYELID
4-214,the eyelash,1540,EYELASH
4-215,to blink,1655,BLINK
4-22,the ear,1247,EAR
4-221,the earlobe,18,EARLOBE
4-222,the earwax,32,EARWAX
4-23,the nose,1221,NOSE
4-231,the nostril,1178,NOSTRIL
4-232,the nasal mucus,208,NASAL MUCUS (SNOT)
4-24,the mouth,674,MOUTH
4-241,the beak,73,BEAK
4-25,the lip,478,LIP
4-26,the tongue,1205,TONGUE
4-27,the tooth,1380,TOOTH
4-271,the gums,139,GUMS
4-272,the molar tooth,1049,MOLAR TOOTH
4-28,the neck,1333,NECK
4-281,the nape of the neck,1347,NAPE (OF NECK)
4-29,the throat,1346,THROAT
4-3,the shoulder,1482,SHOULDER
4-301,the shoulderblade,172,SHOULDERBLADE
4-302,the collarbone,1994,COLLARBONE
4-31,the arm,1673,ARM
4-312,the armpit,1886,ARMPIT
4-32,the elbow,981,ELBOW
4-321,the wrist,799,WRIST
4-33,the hand,1277,HAND
4-331,the palm of the hand,1183,PALM OF HAND
4-34,the finger,1303,FINGER
4-342,the thumb,1781,THUMB
4-344,the fingernail,1258,FINGERNAIL
4-345,the claw,72,CLAW
4-35,the leg,1297,LEG
4-351,the thigh,800,THIGH
4-352,the calf of the leg,498,CALF OF LEG
4-36,the knee,1371,KNEE
4-37,the foot,1301,FOOT
4-371,the ankle,803,ANKLE
4-372,the heel,980,HEEL
4-374,the footprint,318,FOOTPRINT
4-38,the toe,1389,TOE
4-392,the wing,1257,WING
4-393,the feather,1201,FEATHER
4-4,the chest,1592,CHEST
4-41,the breast,1402,BREAST
4-412,the nipple or teat,796,NIPPLE
4-42,the udder,154,UDDER
4-43,the navel,1838,NAVEL
4-44,the heart,1223,HEART
4-441,the lung,688,LUNG
4-45,the liver,1224,LIVER
4-451,the kidney,489,KIDNEY
4-452,the spleen,1744,SPLEEN
4-46,the stomach,819,STOMACH
4-461,the intestines or guts,1991,INTESTINES
4-462,the waist,1681,WAIST
4-463,the hip,1745,HIP
4-464,the buttocks,834,BUTTOCKS
4-47,the womb,804,WOMB
4-49,the testicles,797,TESTICLES
4-492,the penis,1222,PENIS
4-51,to breathe,1407,BREATHE
4-52,to yawn,1028,YAWN
4-521,to hiccough,162,HICCOUGH
4-53,to cough,879,COUGH
4-54,to sneeze,1621,SNEEZE
4-55,to perspire,126,SWEAT (PERSPIRE)
4-56,to spit,1440,SPIT
4-57,to vomit,1278,VOMIT
4-58,to bite,1403,BITE
4-59,to lick,319,LICK
4-591,to dribble,268,DRIBBLE
4-61,to sleep,1585,SLEEP
4-612,to snore,1983,SNORE
4-62,to dream,1920,DREAM (SOMETHING)
4-63,to wake up,1602,WAKE UP
4-64,to fart,1159,FART
4-65,to piss,592,PISS
4-66,to shit,676,SHIT (DEFECATE)
4-67,to have sex,1785,HAVE SEX
4-68,to shiver,52,SHIVER
4-69,to bathe,138,BATHE
4-71,to beget,1152,BEGET
4-72,to be born,1090,BE BORN
4-73,pregnant,1123,PREGNANT
4-732,to conceive,1087,CONCEIVE
4-74,to be alive,1422,BE ALIVE
4-75,to die,1494,DIE
4-751,to drown,1904,DROWN
4-76,to kill,1417,KILL
4-77,the corpse,767,CORPSE
4-78,to bury,1719,BURY
4-79,the grave,1773,GRAVE
4-81,strong,785,STRONG
4-82,weak,1601,WEAK
4-83,healthy,1364,HEALTHY
4-84,sick/ill,1847,SICK
4-841,the fever,1534,FEVER
4-842,the goitre/goiter,1957,GOITER
4-843,the cold,102,COMMON COLD (DISEASE)
4-85,the wound or sore,1109,WOUND
4-852,the bruise,1148,BRUISE
4-853,the swelling,1903,SWELLING
4-854,the itch,148,ITCH
4-855,the blister,1584,BLISTER
4-856,the boil,793,BOIL (OF SKIN)
4-857,the pus,1808,PUS
4-858,the scar,497,SCAR
4-86,to cure,499,CURE
4-87,the physician,597,PHYSICIAN
4-88,the medicine,1372,MEDICINE
4-89,the poison,655,POISON
4-91,tired,1757,TIRED
4-912,to rest,168,REST
4-92,lazy,1564,LAZY
4-93,bald,1125,BALD
4-94,lame,320,LAME
4-95,deaf,996,DEAF
4-96,mute,1666,MUTE
4-97,blind,1653,BLIND
4-98,drunk,1463,DRUNK
4-99,naked,590,NAKED
5-11,to eat,1336,EAT
5-12,the food,256,FOOD
5-121,cooked,269,COOKED
5-122,raw,1959,RAW
5-123,ripe,178,RIPE
5-124,unripe,1958,UNRIPE
5-125,rotten,1728,ROTTEN
5-13,to drink,1401,DRINK
5-14,to be hungry,1533,BE HUNGRY
5-141,the famine,199,FAMINE
5-15,to be thirsty,3474,BE THIRSTY
5-16,to suck,1421,SUCK
5-18,to chew,321,CHEW
5-181,to swallow,897,SWALLOW
5-19,to choke,129,CHOKE
5-21,to cook,1100,COOK (SOMETHING)
5-22,to boil,792,BOIL (OF LIQUID)
5-23,to roast or fry,2146,ROAST OR FRY
5-24,to bake,183,BAKE
5-25,the oven,1143,OVEN
5-26,the pot,1462,POT
5-27,the kettle,854,KETTLE
5-28,the pan,31,PAN
5-31,the dish,481,DISH
5-32,the plate,480,PLATE
5-33,the bowl,1530,BOWL
5-34,the jug/pitcher,270,JUG
5-35,the cup,476,CUP
5-36,the saucer,271,SAUCER
5-37,the spoon,1378,SPOON
5-38,the knife(1),3210,KNIFE (FOR EATING)
5-39,the fork,1302,FORK
5-391,the tongs,272,TONGS
5-41,the meal,1526,MEAL
5-42,the breakfast,1322,BREAKFAST
5-43,the lunch,768,LUNCH
5-44,the dinner,1833,DINNER (SUPPER)
5-45,the supper,1833,DINNER (SUPPER)
5-46,to peel,275,PEEL
5-47,to sieve or to strain,3448,SIEVE OR STRAIN
5-48,to scrape,1767,SCRAPE
5-49,to stir or to mix,2017,MIX
5-51,the bread,1368,BREAD
5-53,the dough,273,DOUGH
5-54,to knead,274,KNEAD
5-55,the flour,1594,FLOUR
5-56,to crush or to grind,1033,GRIND
5-57,the mill,636,MILL
5-58,the mortar(1),224,MORTAR CRUSHER
5-59,the pestle,225,PESTLE
5-61,the meat,634,MEAT
5-63,the sausage,1874,SAUSAGE
5-64,the soup,1547,SOUP
5-65,the vegetables,924,VEGETABLES
5-66,the bean,832,BEAN
5-7,the potato,593,POTATO
5-71,the fruit,1507,FRUIT
5-712,the bunch,1966,BUNCH
5-75,the fig,322,FIG
5-76,the grape,920,GRAPE
5-77,the nut,191,NUT
5-78,the olive,1154,OLIVE
5-79,the oil,1484,OIL (ORGANIC SUBSTANCE)
5-791,the grease or fat,323,FAT (ORGANIC SUBSTANCE)
5-81,the salt,1274,SALT
5-82,the pepper,1385,PEPPER
5-821,the chili pepper,919,CHILI PEPPER
5-84,the honey,942,HONEY
5-85,the sugar,862,SUGAR
5-86,the milk,635,MILK
5-87,to milk,93,DRAW MILK
5-88,the cheese,1569,CHEESE
5-89,the butter,1245,BUTTER
5-9,the drink,731,BEVERAGE
5-91,the mead,941,MEAD
5-92,the wine,1524,WINE
5-93,the beer,1639,BEER
5-94,the fermented drink,404,ALCOHOL (FERMENTED DRINK)
5-97,the egg,744,EGG
5-971,the yolk,1556,YOLK
6-11,to put on,158,PUT ON
6-12,the clothing or clothes,1895,CLOTHES
6-13,the tailor,881,TAILOR
6-21,the cloth,1616,CLOTH
6-22,the wool,964,WOOL
6-23,the linen,916,LINEN
6-24,the cotton,1850,COTTON
6-25,the silk,1641,SILK
6-27,the felt,325,FELT
6-28,the fur,580,FUR
6-29,the leather,629,LEATHER
6-31,to spin,121,SPIN
6-32,the spindle,277,SPINDLE
6-33,to weave,133,WEAVE
6-34,the loom,1787,LOOM
6-35,to sew,1457,SEW
6-36,the needle(1),1382,NEEDLE (FOR SEWING)
6-37,the awl,278,AWL
6-38,the thread,1161,THREAD
6-39,to dye,157,DYE
6-41,the cloak,326,CLOAK
6-411,the poncho,327,PONCHO
7-37,the ladder,1464,LADDER
6-42,the (woman's) dress,474,DRESS
6-43,the coat,603,COAT
6-44,the shirt,1622,SHIRT
6-45,the collar,2012,COLLAR
6-46,the skirt,1600,SKIRT
6-461,the grass-skirt,328,GRASS-SKIRT
6-48,the trousers,809,TROUSERS
6-49,the sock or stocking,329,STOCKING
6-51,the shoe,1381,SHOE
6-52,the boot,585,BOOT
6-54,the shoemaker,875,SHOEMAKER
6-55,the hat or cap,2130,HEADGEAR
6-57,the belt,772,BELT
6-58,the glove,867,GLOVE
6-59,the veil,1151,VEIL
6-61,the pocket,1851,POCKET
6-62,the button,757,BUTTON
6-63,the pin,64,PIN
6-71,the ornament or adornment,917,ORNAMENT
6-72,the jewel,1029,JEWEL
6-73,the ring,1374,RING
6-74,the bracelet,1754,BRACELET
6-75,the necklace,1961,NECKLACE
6-76,the bead,1860,BEAD
6-77,the earring,770,EARRING
6-78,the headband or headdress,3457,HEADBAND OR HEADDRESS
6-79,the tattoo,68,TATTOO
6-81,the handkerchief or rag,332,RAG
6-82,the towel,1021,TOWEL
6-91,the comb,1475,COMB
6-92,the brush,1821,BRUSH
6-921,the plait/braid,1043,BRAID
6-93,the razor,151,RAZOR
6-94,the ointment,1926,OINTMENT
6-95,the soap,788,SOAP
6-96,the mirror,1171,MIRROR
7-11,to live,363,"DWELL (LIVE, RESIDE)"
7-12,the house,1252,HOUSE
7-13,the hut,1678,HUT
7-131,the garden-house,403,GARDEN-HOUSE
7-14,the tent,1316,TENT
7-15,the yard or court,736,YARD
7-16,the men's house,408,MEN'S HOUSE
7-17,the cookhouse,334,COOKHOUSE
7-18,the meeting house,335,MEETING HOUSE
7-21,the room,1450,ROOM
7-22,the door or gate,1567,DOOR
7-221,the doorpost,80,DOORPOST
7-23,the lock,1596,LOCK
7-231,the latch or door-bolt,1012,LATCH
7-24,the key,1472,KEY
7-25,the window,1375,WINDOW
7-26,the floor,1632,FLOOR
7-27,the wall,933,WALL (OF HOUSE)
7-31,the fireplace,185,FIREPLACE
7-32,the stove,859,STOVE
7-33,the chimney,1305,CHIMNEY
7-42,the bed,1663,BED
7-421,the pillow,1044,PILLOW
7-422,the blanket,806,BLANKET
7-43,the chair,1476,CHAIR
7-44,the table,1775,TABLE
7-45,the lamp or torch,2131,TORCH OR LAMP
7-46,the candle,1273,CANDLE
7-47,the shelf,745,SHELF
7-48,the trough,205,TROUGH
7-51,the roof,769,ROOF
7-52,the thatch,279,THATCH
7-53,the ridgepole,280,RIDGEPOLE
7-54,the rafter,829,RAFTER
7-55,the beam,1132,BEAM
7-56,the post or pole,281,POST
7-57,the board,1227,BOARD
7-58,the arch,876,ARCH
7-61,the mason,877,MASON
7-62,the brick,1006,BRICK
7-63,the mortar(2),1731,MORTAR BINDER
7-64,the adobe,901,ADOBE
8-11,the farmer,979,FARMER
8-12,the field,212,FIELD
8-13,the garden,586,GARDEN
8-15,to cultivate,1541,CULTIVATE
8-16,the fence,1690,FENCE
8-17,the ditch,2002,DITCH
8-21,to plough/plow,1921,PLOUGH
8-212,the furrow,1794,FURROW
8-22,to dig,1418,DIG
8-23,the spade,1176,SPADE
8-24,the shovel,1901,SHOVEL
8-25,the hoe,284,HOE
8-26,the fork(2)/pitchfork,337,PITCHFORK
8-27,the rake,338,RAKE
8-31,to sow,748,SOW SEEDS
8-311,the seed,714,SEED
8-32,to mow,190,MOW
8-33,the sickle or scythe,2132,SICKLE OR SCYTHE
8-34,to thresh,285,THRESH
8-35,the threshing-floor,223,THRESHING-FLOOR
8-41,the harvest,3541,HARVEST OR HARVEST SEASON
8-42,the grain,605,GRAIN
8-43,the wheat,1077,WHEAT
8-44,the barley,932,BARLEY
8-45,the rye,23,RYE
8-46,the oats,60,OAT
8-47,the maize/corn,506,MAIZE
8-48,the rice,926,RICE
8-51,the grass,606,GRASS
8-52,the hay,342,HAY
8-53,the plant,653,PLANT (VEGETATION)
8-531,to plant,1486,PLANT (SOMETHING)
8-54,the root,670,ROOT
8-55,the branch,3223,BRANCH OR TWIG
8-56,the leaf,628,LEAF
8-57,the flower,239,FLOWER
8-6,the tree,906,TREE
8-61,the oak,644,OAK
8-62,the beech,1950,BEECH
8-63,the birch,1855,BIRCH
8-64,the pine,1740,PINE
8-65,the fir,1915,FIR
8-66,the acorn,968,ACORN
8-67,the vine,343,VINE
8-68,the tobacco,974,TOBACCO
8-69,to smoke,1689,SMOKE (INHALE)
8-691,the pipe,1124,PIPE
8-72,the tree stump,241,TREE STUMP
8-73,the tree trunk,344,TREE TRUNK
8-74,the forked branch,409,FORKED BRANCH
8-75,the bark,1204,BARK
8-76,the sap,345,SAP
8-81,the palm tree,1181,PALM TREE
8-82,the coconut,970,COCONUT
8-83,the citrus fruit,1126,CITRUS FRUIT
8-84,the banana,868,BANANA
8-85,the banyan,346,BANYAN
8-91,the sweet potato,159,SWEET POTATO
8-912,the yam,410,YAM
8-92,the cassava/manioc,925,CASSAVA
8-93,the gourd,411,GOURD
8-931,the pumpkin or squash,864,PUMPKIN
8-94,the bamboo,1927,BAMBOO
8-941,the sugar cane,146,SUGAR CANE
8-96,the fish poison,348,FISH POISON
8-97,the nettle,33,NETTLE
8-98,the mushroom,641,MUSHROOM
9-11,to do,813,DO
9-12,the work,984,WORK (LABOUR)
9-14,to bend,2004,BEND
9-15,to fold,1470,FOLD
9-16,to tie,1917,TIE
9-161,to untie,352,UNTIE
9-18,the chain,1627,CHAIN
9-19,the rope,1218,ROPE
9-192,the knot,760,KNOT
9-21,to strike or hit or beat,2133,STRIKE OR BEAT
9-211,to pound,354,POUND
9-22,to cut,1432,CUT
9-221,to cut down,355,CUT DOWN
9-222,to chop,155,CHOP
9-223,to stab,3189,STAB TO DEATH
9-23,the knife(2),1352,KNIFE
9-24,the scissors or shears,356,SHEARS
9-25,the axe/ax,677,AXE
9-251,the adze,290,ADZE
9-26,to break,680,BREAK (DESTROY OR GET DESTROYED)
9-261,broken,3190,BROKEN (NOT WORKING)
9-27,to split,1437,SPLIT
9-28,to tear,1735,TEAR (SHRED)
9-83,the statue,1002,STATUE
9-29,to skin,291,PULL OFF (SKIN)
9-31,to rub,1449,RUB
9-32,to stretch,214,STRETCH
9-33,to pull,1455,PULL
9-34,to spread out,38,SPREAD OUT
9-341,to hang up,357,HANG UP
9-342,to press,1913,PRESS
9-343,to squeeze,1414,SQUEEZE
9-35,to pour,1487,POUR
9-36,to wash,1453,WASH
9-37,to sweep,230,SWEEP
9-38,the broom,245,BROOM
9-422,the tool,1361,TOOL
9-43,the carpenter,1042,CARPENTER
9-44,to build,1840,BUILD
9-46,to bore,1501,BORE
9-461,to hollow out,46,HOLLOW OUT
9-48,the saw,1948,SAW
9-49,the hammer,1481,HAMMER
9-5,the nail,502,NAIL (TOOL)
9-56,the glue,1069,GLUE
9-6,the blacksmith,1001,BLACKSMITH
9-61,to forge,288,FORGE
9-62,the anvil,1648,ANVIL
9-63,to cast,211,CAST
9-64,the gold,1369,GOLD
9-65,the silver,759,SILVER
9-66,the copper,1825,COPPER
9-67,the iron,621,IRON
9-68,the lead,627,LEAD (CHEMICAL ELEMENT)
9-69,the tin or tinplate,3217,TIN OR TINPLATE
9-71,the potter,359,POTTER
9-72,to mould/mold,289,MOLD
9-73,the clay,1399,CLAY
9-74,the glass,604,GLASS
9-75,to weave or plait/braid,3294,BRAID (VERB) OR WEAVE (BASKET)
9-76,the basket,1539,BASKET
9-77,the mat,195,MAT
9-771,the rug,292,RUG
9-78,the netbag,293,NETBAG
9-79,the fan,1971,FAN (OBJECT)
9-791,to fan,360,FAN ACTION
9-81,to carve,228,CARVE
9-82,the sculptor,914,SCULPTOR
1-99901,the beach,,
9-84,the chisel,1979,CHISEL
9-88,the paint,647,PAINT (PIGMENTS)
9-89,to paint,2001,PAINTING
10-11,to move,765,MOVE
10-12,to turn,,
10-13,to turn around,1444,TURN AROUND
10-14,to wrap,1113,WRAP
10-15,to roll,827,ROLL
10-16,to drop,2866,DROP (SOMETHING)
10-17,to twist,3199,TWIST (AROUND)
10-21,to rise,568,RISE (MOVE UPWARDS)
10-22,to raise or lift,501,LIFT
10-23,to fall,1280,FALL
10-24,to drip,2253,DRIP (EMIT LIQUID)
10-25,to throw,1456,THROW
10-252,to catch,702,CATCH
10-26,to shake,1909,SHAKE
10-32,to flow,2003,FLOW
10-33,to sink,1088,SINK (DESCEND)
10-34,to float,1574,FLOAT
10-35,to swim,1439,SWIM
10-351,to dive,119,DIVE
10-352,to splash,365,SPLASH
10-36,to sail,787,SAIL
10-37,to fly,1441,FLY (MOVE THROUGH AIR)
10-38,to blow,175,BLOW (OF WIND)
10-41,to crawl,3456,CRAWL OR CREEP
10-412,to kneel,66,KNEEL
10-413,to crouch,296,CROUCH
10-42,to slide or slip,1324,SLIP
10-43,to jump,1829,JUMP
10-431,to kick,1135,KICK
10-44,to dance,1879,DANCE
10-45,to walk,1443,WALK
10-451,to limp,366,LIMP
10-46,to run,1519,RUN
10-47,to go,695,GO
10-471,to go up,705,GO UP (ASCEND)
10-472,to climb,1102,CLIMB
10-473,to go down,2014,GO DOWN (DESCEND)
10-474,to go out,1107,GO OUT
10-48,to come,1446,COME
10-481,to come back,581,COME BACK
10-49,to leave,1752,LEAVE
10-491,to disappear,485,DISAPPEAR
10-51,to flee,956,FLEE
10-52,to follow,1085,FOLLOW
10-53,to pursue,1047,PURSUE
10-55,to arrive,1387,ARRIVE
10-56,to approach,1778,APPROACH
10-57,to enter,749,ENTER
10-61,to carry,700,CARRY
10-612,to carry in hand,412,CARRY IN HAND
10-613,to carry on shoulder,413,CARRY ON SHOULDER
10-614,to carry on head,414,CARRY ON HEAD
10-615,to carry under the arm,415,CARRY UNDER ARM
10-62,to bring,692,BRING
10-63,to send,1127,SEND
10-64,to lead,43,LEAD (GUIDE)
10-65,to drive,741,DRIVE
10-66,to ride,367,RIDE
10-67,to push,1452,PUSH
10-71,the road,667,ROAD
10-72,the path,2252,PATH
10-74,the bridge,1011,BRIDGE
10-75,the cart or wagon,122,CART
10-76,the wheel,710,WHEEL
10-77,the axle,1769,AXLE
10-78,the yoke,14,YOKE
10-81,the ship,740,SHIP
10-83,the boat,1844,BOAT
10-831,the canoe,1970,CANOE
10-832,the outrigger,416,OUTRIGGER
10-84,the raft,1664,RAFT
10-85,the oar,3137,OAR
10-851,the paddle,234,PADDLE
10-852,to row,1849,ROW
10-86,the rudder,108,RUDDER
10-87,the mast,184,MAST
10-88,the sail,786,SAILCLOTH
10-89,the anchor,1870,ANCHOR
10-91,the port,610,PORT
10-92,to land,1922,LAND (DESCEND)
11-11,to have,773,HAVE
11-12,to own,684,OWN
11-13,to take,1749,TAKE
11-14,to grasp,855,SEIZE
11-15,to hold,1448,HOLD
11-16,to get,694,GET
11-17,to keep,1477,KEEP
11-18,the thing,738,THING
11-21,to give,1447,GIVE
11-22,to give back,85,GIVE BACK
11-24,to preserve,1997,PRESERVE
1-99903,the coal,,
11-25,to rescue,2008,RESCUE
11-27,to destroy,681,DESTROY
11-28,to injure,44,INJURE
11-31,to look for,1468,LOOK FOR
11-32,to find,719,FIND
11-33,to lose,3072,MISPLACE
11-34,to let go,1095,LET GO OR SET FREE
11-43,the money,1559,MONEY
11-44,the coin,1867,COIN
11-51,rich,712,RICH
11-52,poor,1674,POOR
11-53,the beggar,1934,BEGGAR
11-54,stingy,1774,STINGY
11-61,to lend,582,LEND
11-62,to borrow,1823,BORROW
11-63,to owe,369,OWE
11-64,the debt,1914,DEBT
11-65,to pay,718,PAY
11-66,the bill,1081,BILL
11-69,the tax,873,TAX
11-77,to hire,856,HIRE
11-78,the wages,1122,WAGES
11-79,to earn,733,EARN
11-81,to buy,1869,BUY
11-82,to sell,1571,SELL
11-83,to trade or barter,2135,TRADE OR BARTER
11-84,the merchant,1082,MERCHANT
11-85,the market,633,MARKET
11-86,the shop/store,752,STORE
11-87,the price,657,PRICE
11-88,expensive,1426,EXPENSIVE
11-89,cheap,1887,CHEAP
11-91,to share,884,SHARE
11-92,to weigh,1098,WEIGH
12-01,after,1685,AFTER
12-011,behind,1686,BEHIND
12-02,beside,1816,BESIDE
12-03,down,1326,DOWN
12-04,before,1882,BEFORE
12-041,in front of,1883,IN FRONT OF
12-05,inside,1606,INSIDE
12-06,outside,762,OUTSIDE
12-07,under,1485,BELOW OR UNDER
12-08,up,1591,UP
12-11,the place,723,PLACE (POSITION)
1-99904,the constellation,,
12-12,to put,998,PUT
12-13,to sit,1416,SIT
12-14,to lie down,215,LIE DOWN
12-15,to stand,1442,STAND
12-16,to remain,987,REMAIN
12-17,the remains,838,REMAINS
12-21,to gather,7,GATHER
12-212,to pick up,371,PICK UP
12-213,to pile up,1576,PILE UP
12-22,to join,1743,JOIN
12-23,to separate,1359,SEPARATE
12-232,to divide,1119,DIVIDE
12-24,to open,1156,OPEN
12-25,to shut,1046,SHUT
12-26,to cover,761,COVER
12-27,to hide,602,HIDE (CONCEAL)
12-31,high,1265,HIGH
12-32,low,721,LOW
12-33,the top,1753,TOP
12-34,the bottom,690,BOTTOM
12-35,the end(1),742,END (OF SPACE)
12-352,pointed,372,POINTED
12-353,the edge,863,EDGE
12-36,the side,682,SIDE
12-37,the middle,1093,MIDDLE
12-41,right(1),1019,RIGHT
12-42,left,244,LEFT
12-43,near,1942,NEAR
12-44,far,1406,FAR
12-45,the east,1877,EAST
12-46,the west,1817,WEST
12-47,the north,1598,NORTH
12-48,the south,1595,SOUTH
12-53,to grow,479,GROW
12-54,to measure,1506,MEASURE
12-541,the fathom,81,FATHOM
12-55,big,1202,BIG
12-56,small,1246,SMALL
12-57,long,1203,LONG
12-58,tall,711,TALL
12-59,short,1645,SHORT
12-61,wide,1243,WIDE
12-62,narrow,1267,NARROW
12-63,thick,1244,THICK
12-65,thin,2249,THIN (OF SHAPE OF OBJECT)
12-67,deep,1593,DEEP
12-68,shallow,193,SHALLOW
12-71,flat,1633,FLAT
12-73,straight,1404,STRAIGHT
12-74,crooked,297,CROOKED
12-75,the hook,1071,HOOK
12-76,the corner,192,CORNER
12-77,the cross,1367,CROSS
12-78,the square,850,SQUARE
12-81,round,1395,ROUND
12-82,the circle,1467,CIRCLE
12-83,the ball,1845,BALL
12-84,the line,1048,LINE
12-85,the hole,1667,HOLE
12-92,similar,1558,SIMILAR
12-93,to change,1264,CHANGE
13,zero,1294,ZERO
13-01,one,1493,ONE
13-02,two,1498,TWO
13-03,three,492,THREE
13-04,four,1500,FOUR
13-05,five,493,FIVE
13-06,six,1703,SIX
13-07,seven,1704,SEVEN
13-08,eight,1705,EIGHT
13-09,nine,1483,NINE
13-1,ten,1515,TEN
13-101,eleven,1706,ELEVEN
13-102,twelve,1707,TWELVE
13-103,fifteen,1709,FIFTEEN
13-104,twenty,1710,TWENTY
13-105,a hundred,1634,HUNDRED
13-106,a thousand,1843,THOUSAND
13-107,to count,1420,COUNT
13-14,all,98,ALL
13-15,many,1198,MANY
13-16,more,1992,MORE
13-17,few,1242,FEW
13-18,enough,1881,ENOUGH
13-181,some,1241,SOME
13-19,the crowd,2023,CROWD
13-21,full,1429,FULL
13-22,empty,1624,EMPTY
13-23,the part,779,PART
13-24,the half,816,HALF
13-33,only,1580,ONLY
13-34,first,728,FIRST
13-35,last,1529,LAST (FINAL)
13-36,second,1384,SECOND
13-37,the pair,1888,PAIR
13-38,twice/two times,1546,TWICE
13-42,third,1859,THIRD
13-44,three times,417,THREE TIMES
14-11,the time,892,TIME
14-12,the age,1789,AGE
14-13,new,1231,NEW
14-14,young,1207,YOUNG
14-15,old,1229,OLD
14-16,early,672,EARLY
14-17,late,477,LATE
14-18,now,1376,NOW
14-19,immediately,1963,IMMEDIATELY
14-21,fast,1631,FAST
14-22,slow,701,SLOW
14-23,to hurry,754,HURRY
14-24,to be late,425,BE LATE
14-25,to begin,1806,BEGIN
14-252,to last,1186,LAST (ENDURE)
14-26,the end(2),743,END (OF TIME)
14-27,to finish,1766,FINISH
14-28,to cease,1928,CEASE
14-29,ready,790,READY
14-31,always,1676,ALWAYS
14-32,often,1852,OFTEN
14-33,sometimes,1544,SOMETIMES
14-331,soon,703,SOON
14-332,for a long time,418,FOR A LONG TIME
14-34,never,1656,NEVER
14-35,again,204,AGAIN
14-41,the day(1),1260,DAY (24 HOURS)
14-42,the night,1233,NIGHT
14-43,the dawn,729,DAWN
14-44,the morning,1339,MORNING
14-45,the midday,12,MIDDAY
14-451,the afternoon,1807,AFTERNOON
14-46,the evening,1629,EVENING
14-47,today,1283,TODAY
14-48,tomorrow,1329,TOMORROW
14-481,the day after tomorrow,1179,DAY AFTER TOMORROW
14-49,yesterday,1174,YESTERDAY
14-491,the day before yesterday,1180,DAY BEFORE YESTERDAY
14-51,the hour,1353,HOUR
14-53,the clock,1323,CLOCK
14-61,the week,1469,WEEK
14-62,Sunday,1699,SUNDAY
14-63,Monday,1697,MONDAY
14-64,Tuesday,1695,TUESDAY
14-65,Wednesday,1694,WEDNESDAY
14-66,Thursday,1693,THURSDAY
14-67,Friday,1692,FRIDAY
14-68,Saturday,1700,SATURDAY
14-71,the month,1370,MONTH
14-73,the year,1226,YEAR
14-74,the winter,1471,WINTER
14-75,the spring(2),1537,SPRINGTIME
14-76,the summer,1342,SUMMER
14-77,the autumn/fall,1276,AUTUMN
14-78,the season,691,SEASON
15-21,to smell(1),1587,SMELL (STINK)
15-89,wrinkled,380,WRINKLED
15-212,to sniff,375,SNIFF
15-22,to smell(2),1586,SMELL (PERCEIVE)
15-25,fragrant,376,FRAGRANT
15-26,stinking,42,STINKING
15-31,to taste,21,TASTE (SOMETHING)
15-35,sweet,717,SWEET
15-36,salty,1091,SALTY
15-37,bitter,887,BITTER
15-38,sour,1906,SOUR
15-39,brackish,70,BRACKISH
15-41,to hear,1408,HEAR
15-42,to listen,1608,LISTEN
15-44,the sound or noise,1811,SOUND OR NOISE
15-45,loud,377,LOUD
15-46,quiet,1314,QUIET
15-51,to see,1409,SEE
15-52,to look,1819,LOOK
15-55,to show,1039,SHOW
15-56,to shine,708,SHINE
15-57,bright,679,BRIGHT
15-61,the colour/color,1613,COLOR
15-62,light(2),250,LIGHT (COLOR)
15-63,dark,706,DARK
15-64,white,1335,WHITE
15-65,black,163,BLACK
15-66,red,156,RED
15-67,blue,837,BLUE
15-68,green,1425,GREEN
15-69,yellow,1424,YELLOW
15-71,to touch,1892,TOUCH
15-712,to pinch,378,PINCH
15-72,to feel,1079,FEEL
15-74,hard,1884,HARD
15-75,soft,1856,SOFT
15-76,rough(1),1923,ROUGH
15-77,smooth,1234,SMOOTH
15-78,sharp,1396,SHARP
15-79,blunt,379,BLUNT
15-81,heavy,1210,HEAVY
15-82,light(1),1052,LIGHT (WEIGHT)
15-83,wet,1726,WET
15-84,dry,1398,DRY
15-85,hot,1286,HOT
15-851,warm,1232,WARM
15-86,cold,1287,COLD
15-87,clean,704,CLEAN
15-88,dirty,1230,DIRTY
16-11,the soul or spirit,811,SOUL
16-15,surprised or astonished,1572,SURPRISED
16-18,the good luck,720,GOOD LUCK
16-19,the bad luck,56,BAD LUCK
16-23,happy,1495,HAPPY
16-25,to laugh,1355,LAUGH
16-251,to smile,1451,SMILE
16-26,to play,1413,PLAY
16-27,to love,923,LOVE
16-29,to kiss,578,KISS
16-3,to embrace,928,EMBRACE
16-31,the pain,1783,PAIN
16-32,the grief,1668,GRIEF
16-33,the anxiety,1000,ANXIETY
16-34,to regret or be sorry,1875,REGRET
16-35,the pity,1141,PITY
16-37,to cry,1839,CRY
16-38,the tear,1651,TEAR (OF EYE)
16-39,to groan,716,GROAN
16-41,to hate,1607,HATE
16-42,the anger,82,ANGER
16-44,the envy or jealousy,40,ENVY
16-45,the shame,1776,SHAME
16-48,proud,174,PROUD
16-51,to dare,1779,DARE
16-52,brave,3,BRAVE
16-53,the fear,781,FEAR (FRIGHT)
16-54,the danger,1810,DANGER
16-62,to want,1784,WANT
16-622,to choose,1750,CHOOSE
16-63,to hope,3212,HOPE (SOMETHING)
16-65,faithful,100,FAITHFUL
16-66,true,1657,TRUE
16-67,to lie(2),601,LIE (MISLEAD)
16-68,the deceit,13,DECEIT
16-69,to forgive,1528,FORGIVE
16-71,good,1035,GOOD
16-72,bad,1292,BAD
16-73,right(2),1725,CORRECT (RIGHT)
16-74,wrong,1390,WRONG
16-76,the fault,134,FAULT
16-77,the mistake,1293,MISTAKE
16-78,the blame,381,BLAME
16-79,the praise,1687,PRAISE
16-81,beautiful,1427,BEAUTIFUL
16-82,ugly,1548,UGLY
16-83,greedy,2018,GREEDY
16-84,clever,1310,CLEVER
17-11,the mind,1562,MIND
17-13,to think(1),1415,THINK (REFLECT)
17-14,to think(2),1513,THINK (BELIEVE)
17-15,to believe,1890,BELIEVE
17-16,to understand,1536,UNDERSTAND
17-17,to know,1410,KNOW (SOMETHING)
17-171,to guess,1932,GUESS
17-172,to imitate,117,IMITATE
17-18,to seem,1521,SEEM
17-19,the idea,1609,IDEA
17-21,wise,698,WISE
17-22,stupid,1518,STUPID
17-23,mad,1899,MAD
17-24,to learn,504,LEARN
17-242,to study,1929,STUDY
17-25,to teach,709,TEACH
17-26,the pupil,753,PUPIL (STUDENT)
17-27,the teacher,1038,TEACHER
17-28,the school,673,SCHOOL
17-31,to remember,707,REMEMBER
17-32,to forget,1523,FORGET
17-34,clear,989,CLEAR
17-35,obscure,1764,OBSCURE
17-36,secret,1121,SECRET
17-37,certain,509,CERTAIN
17-38,to explain,1626,EXPLAIN
17-41,the intention,1162,INTENTION
17-42,the cause,860,CAUSE
17-43,the doubt,1308,DOUBT
17-44,to suspect,1841,SUSPECT
17-441,to betray,1902,BETRAY
17-45,the need or necessity,643,NEED (NOUN)
17-46,easy,686,EASY
17-47,difficult,584,DIFFICULT
17-48,to try,1812,TRY
17-49,the manner,488,MANNER
17-51,and,1577,AND
17-52,because,1157,BECAUSE
17-53,if,1459,IF
17-54,or,1014,OR
17-55,yes,1268,YES
17-56,no,1269,NO
17-61,how?,1239,HOW
17-62,how many?,3450,HOW MANY PIECES
17-63,how much?,531,HOW MUCH
17-64,what?,1236,WHAT
17-65,when?,1238,WHEN
17-66,where?,1237,WHERE
17-67,which?,727,WHICH
17-68,who?,1235,WHO
17-69,why?,1270,WHY
18-11,the voice,1363,VOICE
18-12,to sing,1261,SING
18-13,to shout,715,SHOUT
18-15,to whisper,55,WHISPER
18-16,to mumble,128,MUMBLE
18-17,to whistle,1025,WHISTLE
18-18,to shriek,298,SHRIEK
18-19,to howl,526,HOWL
18-21,to speak or talk,1623,SPEAK
18-211,to stutter or stammer,1866,STUTTER
18-22,to say,1458,SAY
18-221,to tell,1711,TELL
18-222,the speech,1115,SPEECH
18-23,to be silent,48,BE SILENT
18-24,the language,1307,LANGUAGE
18-26,the word,1599,WORD
18-28,the name,1405,NAME
18-31,to ask(1),1309,ASK (INQUIRE)
18-32,to answer,1275,ANSWER
18-33,to admit,2022,ADMIT
18-34,to deny,755,DENY
18-35,to ask(2),1828,ASK (REQUEST)
18-36,to promise,1675,PROMISE
18-37,to refuse,49,REFUSE
18-38,to forbid,83,FORBID
18-39,to scold,299,SCOLD
18-41,to call(1),1084,CALL
18-42,to call(2),180,CALL BY NAME
18-43,to announce,9,ANNOUNCE
18-44,to threaten,1192,THREATEN
18-45,to boast,101,BOAST
18-51,to write,1672,WRITE
18-52,to read,724,READ
18-56,the paper,648,PAPER
18-57,the pen,794,PEN
18-61,the book,963,BOOK
18-67,the poet,1045,POET
18-71,the flute,777,FLUTE
18-72,the drum,908,DRUM
18-73,the horn or trumpet,2136,BRASS INSTRUMENT (HORN OR TRUMPET)
18-74,the rattle,300,RATTLE
19-11,the country,1300,COUNTRY
19-12,the native country,89,NATIVE COUNTRY
19-15,the town,1391,TOWN
19-16,the village,930,VILLAGE
19-17,the boundary,1010,BOUNDARY
19-21,the people,789,PEOPLE
19-23,the clan,302,CLAN
19-24,the chieftain,301,CHIEFTAIN
19-25,the walking stick,1296,WALKING STICK
19-31,to rule or govern,1846,RULE
19-32,the king,1508,KING
19-33,the queen,1306,QUEEN
19-36,the noble,482,NOBLE
19-37,the citizen,1032,CITIZEN
19-41,the master,383,MASTER
19-42,the slave,812,SLAVE
19-43,the servant,255,SERVANT
19-44,the freeman,384,FREEMAN
19-45,to command or order,1998,COMMAND
19-46,to obey,1635,OBEY
19-47,to permit,1003,PERMIT
19-51,the friend,1325,FRIEND
19-52,the enemy,1358,ENEMY
19-54,the neighbour,1332,NEIGHBOUR
19-55,the stranger,791,STRANGER
19-56,the guest,1782,GUEST
19-57,the host,1545,HOST
19-58,to help,1897,HELP
19-59,to prevent,1550,PREVENT
19-61,the custom,1747,CUSTOM
19-62,the quarrel,1848,QUARREL
19-63,the plot,2024,PLOT
19-65,to meet,1831,MEET
19-72,the prostitute,1610,PROSTITUTE
20-11,to fight,1423,FIGHT
20-13,the war or battle,579,BATTLE
20-14,the peace,1338,PEACE
20-15,the army,1561,ARMY
20-17,the soldier,1941,SOLDIER
20-21,the weapons,951,WEAPONS
20-22,the club,1763,CLUB
20-222,the battle-axe,386,BATTLE-AXE
20-23,the sling,387,SLING
20-24,the bow,994,BOW
20-25,the arrow,977,ARROW
20-26,the spear,945,SPEAR
20-27,the sword,1535,SWORD
20-28,the gun,1566,GUN
20-31,the armour,1061,ARMOUR
20-33,the helmet,1680,HELMET
20-34,the shield,1064,SHIELD
20-35,the fortress,1938,FORTRESS
20-36,the tower,1671,TOWER
20-41,the victory,783,VICTORY
20-42,the defeat,782,DEFEAT
20-43,the attack,722,ATTACK
20-44,to defend,1330,DEFEND
20-45,to retreat,421,RETREAT
20-46,to surrender,1696,SURRENDER
20-47,the captive or prisoner,1072,PRISONER
20-471,the guard,1940,GUARD
20-48,the booty,1022,BOOTY
20-49,the ambush,65,AMBUSH
20-51,the fisherman,1858,FISHERMAN
20-52,the fishhook,1074,FISHHOOK
20-53,the fishing line,19,FISHING LINE
20-54,the fishnet,388,FISHNET
20-55,the fish trap,389,FISH TRAP
20-56,the bait,2013,BAIT
20-61,to hunt,1435,HUNT
20-62,to shoot,1172,SHOOT
20-63,to miss,161,MISS (A TARGET)
20-64,the trap,1075,TRAP (PITFALL)
20-65,to trap,1170,TRAP (CATCH)
21-11,the law,1062,LAW
21-15,the court,1068,COURT
12-013,at,1461,AT
21-16,to adjudicate,1818,ADJUDICATE
21-17,the judgment,1067,JUDGMENT
21-18,the judge,861,JUDGE
21-21,the plaintiff,2020,PLAINTIFF
21-22,the defendant,1034,DEFENDANT
21-23,the witness,1144,WITNESS
21-24,to swear,1939,SWEAR
21-25,the oath,1712,OATH
21-31,to accuse,1814,ACCUSE
21-32,to condemn,484,CONDEMN
21-33,to convict,983,CONVICT
21-34,to acquit,988,ACQUIT
21-35,guilty,1682,GUILTY
21-36,innocent,90,INNOCENT
21-37,the penalty or punishment,390,PUNISHMENT
21-38,the fine,218,FINE (PENALTY)
21-39,the prison,1281,PRISON
21-42,the murder,845,MURDER
21-43,the adultery,902,ADULTERY
21-44,the rape,953,RAPE
21-46,the arson,1889,ARSON
21-47,the perjury,1792,PERJURY
21-51,to steal,713,STEAL
21-52,the thief,1160,THIEF
22-11,the religion,661,RELIGION
22-12,the god,3231,DEITY
22-13,the temple,911,TEMPLE
22-14,the altar,853,ALTAR
22-15,the sacrifice,1103,SACRIFICE
22-16,to worship,257,WORSHIP
22-17,to pray,24,PRAY
22-18,the priest,852,PRIEST
22-19,holy,1702,HOLY
22-22,to preach,304,PREACH
22-23,to bless,391,BLESS
22-24,to curse,8,CURSE
22-26,to fast,303,ABSTAIN FROM FOOD
22-31,the heaven,1565,HEAVEN
22-32,the hell,878,HELL
22-35,the demon,1973,DEMON
22-37,the idol,1945,IDOL
22-42,the magic,392,MAGIC
22-43,the sorcerer or witch,2137,MAGICIAN
22-44,the fairy or elf,3206,ELF OR FAIRY
22-45,the ghost,1175,GHOST
22-47,the omen,107,OMEN
23-1,the radio,1315,RADIO
23-11,the television,1788,TELEVISION
23-12,the telephone,1379,TELEPHONE
23-135,the motorcycle,638,MOTORCYCLE
23-14,the car,1111,CAR
23-15,the bus,1070,BUS
23-16,the airplane,1597,AIRPLANE
23-17,the electricity,59,ELECTRICITY
23-175,the battery,662,BATTERY
23-2,the hospital,616,HOSPITAL
23-21,the nurse,1104,NURSE
23-22,the pill or tablet,395,PILL
23-23,the injection,1805,INJECTION
23-5,the tap/faucet,1488,FAUCET
23-51,the sink,915,SINK (BASIN)
23-52,the toilet,219,TOILET
23-53,the mattress,105,MATTRESS
23-3,the government,815,GOVERNMENT
23-31,the president,899,PRESIDENT
23-32,the minister,486,MINISTER
23-33,the police,656,POLICE
23-34,the driver's license,599,DRIVER'S LICENSE
23-37,the crime,1066,CRIME
23-38,the election,240,ELECTION
23-4,the post/mail,167,MAIL
23-41,the postage stamp,596,POSTAGE STAMP
23-42,the letter,1612,LETTER
23-44,the bank,1284,BANK
23-54,the tin/can,1051,CAN
23-55,the screw,1802,SCREW
23-555,the screwdriver,836,SCREWDRIVER
23-56,the bottle,1321,BOTTLE
23-565,the candy/sweets,874,CANDY
23-24,the spectacles/glasses,1898,SPECTACLES
23-57,the plastic,654,PLASTIC
23-575,the bomb,1804,BOMB
23-58,the workshop,1677,WORKSHOP
23-59,the cigarette,969,CIGARETTE
23-61,the calendar,1967,CALENDAR
23-62,the film/movie,216,MOVIE
23-63,the music,642,MUSIC
23-64,the song,1096,SONG
23-6,the newspaper,1298,NEWSPAPER
23-385,the address,591,ADDRESS
23-39,the number,1356,NUMBER
23-155,the train,900,TRAIN
23-36,the birth certificate,397,BIRTH CERTIFICATE
23-18,to brake,966,BRAKE
23-195,the petroleum,650,PETROLEUM
23-185,the motor,110,MOTOR
23-19,the machine,144,MACHINE
23-13,the bicycle,747,BICYCLE
23-395,the street,1362,STREET
19-445,to liberate,37,LIBERATE
19-565,to invite,1611,INVITE
23-35,the license plate,1790,LICENSE PLATE
23-43,the postcard,1497,POSTCARD
24-01,to be,1579,BE
24-02,to become,1990,BECOME
24-03,without,1478,WITHOUT
24-05,through,97,THROUGH
24-13,same,200,SAME
24-06,not,1240,NOT
24-07,this,1214,THIS
24-08,that,78,THAT
24-09,here,136,HERE
24-1,there,1937,THERE
24-11,other,197,OTHER
4-493,the vagina,1836,VAGINA
23-9,the tea,1373,TEA
23-91,the coffee,1299,COFFEE
24-12,next,1354,NEXT
3-862,the coyote,912,COYOTE
3-863,the hare,1190,HARE
3-865,the quail,1893,QUAIL
3-866,the raccoon,828,RACCOON
3-869,the squirrel,1628,SQUIRREL
3-871,the reindeer/caribou,1876,REINDEER
3-872,the elk/moose,1772,ELK
3-873,the beaver,1194,BEAVER
10-79,the sledge/sled,16,SLED
8-29,the lasso,340,LASSO
8-991,the larch,116,LARCH
8-993,the needle(2),286,NEEDLE TREE
1-771,the arctic lights,261,ARCTIC LIGHTS
4-465,the sinew or tendon,1137,TENDON
7-67,to tan,247,TAN
6-98,the snowshoe,233,SNOWSHOE
22-5,the circumcision,393,CIRCUMCISION
22-51,the initiation ceremony,1946,INITIATION CEREMONY
8-996,the cone,287,CONE
3-8112,the body louse,311,BODY LOUSE
4-494,the vulva,1837,VULVA
3-99,the tapir,312,TAPIR
9-93,the whetstone,295,WHETSTONE
9-92,the tumpline,294,TUMPLINE
7-65,the camp,1105,CAMP
8-28,the digging stick (=yamstick),339,DIGGING STICK
3-597,the cormorant,840,CORMORANT
3-833,the prawns or shrimp,2686,CRUSTACEANS (PRAWNS OR SHRIMP)
3-834,the termites,883,TERMITE
3-835,the tick,1527,TICK
9-87,the boomerang,135,BOOMERANG
3-88,the kangaroo,164,KANGAROO
3-89,the anteater,181,ANTEATER
3-598,the toucan,308,TOUCAN
3-9,the jaguar,1250,JAGUAR
5-983,the manioc bread,407,MANIOC BREAD
7-66,the hammock,2019,HAMMOCK
8-911,the millet or sorghum,931,MILLET
3-913,the chameleon,1555,CHAMELEON
9-9,to draw water,1911,DRAW (WATER)
9-91,the peg,361,PEG
10-58,to go or return home,142,RETURN HOME
3-917,the buffalo,934,BUFFALO
1-411,the savanna,260,SAVANNA
1-831,the steam,1193,STEAM
2-4561,the older sibling,405,OLDER SIBLING
2-4562,the younger sibling,427,YOUNGER SIBLING
2-4711,the grandparents,305,GRANDPARENTS
2-5,the grandchild,1617,GRANDCHILD
2-541,the sibling’s child,173,SIBLING'S CHILD
2-622,the parents-in-law,306,PARENTS-IN-LAW
2-6411,the child-in-law,1060,CHILD-IN-LAW
2-6412,the sibling-in-law,1832,SIBLING-IN-LAW
2-931,he,1211,HE
2-932,she,1834,SHE
2-933,it,169,IT
4-741,the life,210,LIFE
4-771,the carcass,1770,CARCASS
4-844,the disease,1986,DISEASE
7-232,the padlock,336,PADLOCK
8-121,the paddy,140,PADDY FIELD
11-29,to damage,1116,DAMAGE
12-081,above,1741,ABOVE
13-231,the piece,594,PIECE
13-331,alone,1964,ALONE
14-251,the beginning,1557,BEGINNING
14-411,the day(2),1225,DAY (NOT NIGHT)
22-131,the church,1349,CHURCH
22-132,the mosque,1603,MOSQUE
24-14,nothing,687,NOTHING
4-7501,dead,1625,DEAD
4-8541,to scratch,1436,SCRATCH
9-111,to make,734,MAKE
4-431,the belly,1251,BELLY
9-311,to wipe,1454,WIPE
1-775,to freeze,1431,FREEZE
24-04,with,1340,WITH
12-012,in,1460,IN
1-99905,the jade or jadeite,,
1-99906,the loam,,
1-99907,the river,,
1-99908,the river mouth,,
1-99909,the short dry season,,
1-9991,the spring,,
1-99911,to blaze,,
1-99912,to melt,,
2-99902,step-,,
2-99903,the co-father-in-law,,
2-99904,the co-mother-in-law,,
2-99905,the father-in-law,,
2-99906,the German,,
2-99907,the Hungarian,,
2-99908,the lover,,
2-99909,the mother-in-law,,
2-9991,the non-Gypsy,,
2-99911,the parent’s elder brother,,
2-99912,the parent’s elder sister,,
2-99913,the parent’s younger brother,,
2-99914,the parent’s younger sister,,
2-99915,the Slovak,,
2-99916,the spouse,,
2-99917,the stepchild,,
2-99918,the Vlax Gypsy,,
3-99902,the agouti,,
3-99903,the amphibian,,
3-99904,the Andean guinea pig,,
3-99905,the Andean owl,,
3-99906,the armadillo,,
3-99907,the bandicoot,,
3-99908,the barn owl,,
3-99909,the bustard,,
3-9991,the capibara,,
3-99911,the caterpillar,,
3-99912,the codfish,,
3-99913,the condor,,
3-99917,the herd,,
3-99918,the hocco,,
3-99919,the humming bird,,
3-9992,the ibis,,
3-99921,the iguana,,
3-99922,the jabiru,,
3-99923,the kingfisher,,
3-99924,the louse,,
3-99925,the Maine lobster,,
3-99926,the male pig,,
3-99928,the marail,,
3-99929,the mole,,
3-9993,the paca,,
3-99931,the sleepyhead bird,,
3-99932,the partridge,,
3-99933,the pet,,
3-99934,the piranha,,
3-99935,the plover,,
3-99936,the pouched marmot,,
3-99937,the prairie dog,,
3-99938,the roadrunner,,
3-99939,the skunk,,
3-9994,the songbird,,
3-99941,the sparrow,,
3-99942,the tiger,,
3-99943,the trumpeter bird,,
4-99901,barefoot,,
4-99902,swollen,,
4-99903,the canine tooth,,
4-99904,the cholesterol,,
4-99905,the dribble,,
4-99906,the fist,,
4-99907,the lap,,
4-99908,the metabolism,,
4-9991,the saliva,,
4-99911,the scabies,,
4-99912,the strength,,
4-99913,the umbilical cord,,
4-99914,to itch,,
5-99901,the fig tree,,
5-99902,sated,,
5-99903,the soy sauce,,
5-99904,the ayahuasca,,
5-99905,the bacon,,
5-99906,the biscuit,,
5-99907,the brandy,,
5-99908,the cabbage,,
5-99909,the cassava flour,,
5-9991,the cream,,
5-99911,the Japanese fish cake,,
5-99912,the jelly,,
5-99913,the manioc juice,,
5-99914,the mochi,,
5-99915,the ramen noodles,,
5-99916,the rice ball or musubi,,
5-99917,the roasted cassava meal,,
5-99918,the smoked food,,
5-99919,the tamale,,
5-9992,the tofu or bean curd,,
5-99921,the tortilla,,
5-99922,the vinegar,,
6-99901,the bag,,
6-99903,the fringe,,
6-99904,the leg band,,
6-99906,the pompom,,
6-99907,the sandal,,
6-99908,the sleeve,,
6-99909,the smock,,
6-9991,the style or fashion,,
6-99911,to wear,,
7-99901,the bench,,
7-99902,the case,,
7-99903,the griddle,,
7-99904,the guestroom,,
7-99905,the mosquito net,,
7-99906,the roof tile,,
8-99901,the almond,,
8-99902,the amomum,,
8-99903,the anatto,,
8-99904,the Andean weed,,
8-99905,the apple,,
8-99906,the ash tree,,
8-99907,the black tree dye,,
8-99908,the broccoli,,
8-99909,the bromelia,,
8-9991,the carrot,,
8-99911,the cashew,,
8-99912,the Chinese rice flower,,
8-99914,the coniferous tree,,
8-99915,the cottontree,,
8-99916,the creeper,,
8-99917,the mortiño,,
8-99918,the dung,,
8-99921,the guava,,
8-99922,the jarilla,,
8-99923,the jowar,,
8-99924,the kohlrabi,,
8-99925,the liana,,
8-99926,the lima beans,,
8-99927,the lupin,,
8-99929,the mamuelchoique,,
8-9993,the mango,,
8-99931,the mangrove,,
8-99932,the melon,,
8-99933,the millet,,
8-99935,the onion,,
8-99936,the orange,,
8-99937,the pea,,
8-99938,the pear,,
8-99939,the pineapple,,
8-99941,the plum,,
8-99943,the reed,,
8-99944,the rubber tree,,
8-99945,the sensitive mimosa,,
8-99946,the straw,,
8-99947,the sugar beet,,
8-99948,the tar,,
8-99949,the taro,,
8-9995,the tree dye,,
8-99952,the turnip,,
8-99953,the vetch,,
8-99954,the watermelon,,
8-99955,the whip,,
8-99956,the wild maize,,
8-99957,the willow,,
8-99958,the woody shrub,,
8-99959,the yerba mate,,
8-9996,to grow(2),,
8-99961,to pick,,
8-99962,to raise,,
9-99901,the barrel,,
9-99902,the basketry,,
9-99903,the bucket,,
9-99904,the cable,,
9-99905,the canvas sheet,,
9-99906,the corrugated iron,,
9-99907,the deck,,
9-99908,the drill,,
9-99909,the file,,
9-9991,the harbour,,
9-99911,the harpoon,,
9-99912,the hearthstones,,
9-99914,the manioc squeezer,,
9-99915,the pencil,,
9-99916,the rust,,
9-99917,the sack,,
9-99918,the scraper,,
9-9992,the skin bag,,
9-99921,the slap,,
9-99922,the spur,,
9-99923,the string or cord,,
9-99924,the trail,,
9-99925,the well,,
9-99926,the wharf,,
9-99927,the wheelbarrow,,
9-99928,to barbecue,,
9-99929,to close,,
9-9993,to draw,,
9-99931,to dwell,,
9-99932,to go away,,
9-99933,to muddle,,
9-99934,to prepare,,
9-99936,to smear,,
9-99938,to support,,
10-99901,to accompany,,
10-99903,to carry on the back,,
10-99904,to dip,,
10-99905,to give a ride,,
10-99906,to pass,,
10-99907,to step,,
10-99908,to wait,,
11-99901,for free,,
11-99902,the card,,
11-99903,the gift,,
11-99904,the property,,
11-99905,the string instrument,,
11-99906,to be worth,,
11-99907,to receive,,
12-99901,apart,,
12-99902,back,,
13-99901,a little,,
13-99902,by,,
13-99903,each or every,,
13-99904,the centigram,,
13-99905,the yard,,
13-99906,thirty,,
13-99907,to fill,,
13-99908,to substitute,,
14-99901,Chinese New Year,,
14-99902,long ago,,
14-99903,New Year,,
14-99905,the period,,
14-99906,the time(2),,
15-99901,brown,,
15-99902,grey,,
15-99903,orange,,
15-99904,pink,,
15-99905,the trace,,
15-99906,violet,,
16-99901,better,,
16-99902,in vain,,
16-99903,thank you!,,
16-99904,the evil,,
16-99905,the mood,,
16-99906,the trouble,,
16-99907,to be ashamed,,
16-99908,to be glad,,
16-99909,to complain,,
16-9991,to enthuse,,
16-99911,to look forward,,
16-99912,to praise,,
16-99913,voluptuous,,
16-99914,wild,,
16-99915,worse,,
17-99901,on purpose,,
17-99902,the possibility,,
17-99903,the same,,
17-99904,the scarcity,,
17-99905,the state,,
17-99906,the study,,
17-99907,to doubt,,
18-99901,the fairy tale,,
18-99902,the hieroglyph or hieroglyphics,,
18-99903,the joke,,
18-99904,the poem,,
18-99905,the upper case or capital letter,,
18-99906,the violin,,
18-99907,the violin player,,
18-99908,to chat,,
18-99909,to greet,,
18-9991,to spell,,
18-99911,to thank,,
18-99912,to ululate,,
19-99901,Arabia,,
19-99902,Australia,,
19-99903,China,,
19-99904,Egypt,,
19-99905,free,,
19-99906,Greece,,
19-99907,India,,
19-99908,Madagascar,,
19-99909,Rarotonga,,
19-9991,Sir,,
19-99911,Spain,,
19-99913,the Brazilian,,
19-99914,the certificate,,
19-99915,the Chinese person,,
19-99916,the communal labour,,
19-99917,the European,,
19-99918,the Creole or black person,,
19-9992,the fool,,
19-99921,the foreman,,
19-99922,the French person,,
19-99923,the government document,,
19-99924,the hermit,,
19-99925,the hockey,,
19-99926,the layman,,
19-99927,the mixed-race Kali’na,,
19-99928,the partner,,
19-9993,the policeman,,
19-99931,the power,,
19-99932,the settlement,,
19-99933,the small change,,
19-99934,the socialism,,
19-99935,the sport,,
19-99936,the student,,
19-99937,the vote or ballot or pole,,
19-99938,to commit a crime,,
19-9994,to quarrel,,
19-99941,to respect,,
19-99942,to retire,,
19-99943,to say goodbye,,
20-99902,the cutlass,,
20-99903,the force,,
20-99904,the game animal,,
20-99905,the letterwood bow,,
20-99906,the warship,,
20-99907,to attack,,
20-99908,to fish,,
20-99909,to win,,
21-99901,the lawyer,,
21-99902,the verdict,,
22-99901,Christ,,
22-99902,Christmas,,
22-99903,Easter,,
22-99904,the bishop,,
22-99905,the funeral,,
22-99906,the holiday,,
22-99907,the hymn,,
22-99908,the lent,,
22-99909,the Muslim,,
22-9991,the rosary,,
22-99911,the shaman,,
22-99912,the shaman’s spirit,,
22-99913,the shamanistic song,,
22-99914,the woman’s rattle,,
23-99901,the license,,
24-99901,and or but,,
24-99902,can,,
24-99904,hey!,,
24-99905,(interrogative),,
24-99906,let,,
24-99907,(negative marker),,
24-99908,neither,,
24-99909,nor,,
24-9991,someone,,
24-99911,(superlative marker),,
24-99912,then,,
24-99913,they (dual),,
24-99914,we (dual inclusive),,
24-99917,which,,
24-99919,you (dual),,
3-99944,the chipmunk,,
19-99944,mate,,
